{"cameraMode":{"drawMode":0,"name":"Shaded","section":"Shading Mode"},"sceneLighting":false,"audioPlay":false,"sceneViewState":{"m_AlwaysRefresh":false,"showFog":true,"showSkybox":false,"showFlares":true,"showImageEffects":true,"showParticleSystems":true,"showVisualEffectGraphs":true,"m_FxEnabled":true},"in2DMode":false,"pivot":{"x":-0.33803272247314455,"y":2.8123373985290529,"z":1.1556501388549805},"rotation":{"x":0.13846442103385926,"y":0.4729900658130646,"z":-0.07555481046438217,"w":0.8668316602706909},"size":3.0415825843811037,"orthographic":true}